Data_Arquivo,Horario_Entrada,Liga,Jogo,Metodo,Odd_Base,1/0
2025-08-01,15:30,POLAND 1,Wisla Plock vs Piast Gliwice,Lay_CS_0x1_B365,8.03,1.0
2025-08-01,20:00,CHILE 1,A. Italiano vs Palestino,Lay_CS_0x1_B365,9.53,1.0
2025-08-03,08:00,ENGLAND 3,Stockport County vs Bolton,Lay_CS_0x1_B365,9.03,1.0
2025-08-03,08:30,GERMANY 3,Aue vs Hansa Rostock,Lay_CS_0x1_B365,8.53,1.0
2025-08-03,12:30,ROMANIA 1,FC Hermannstadt vs U. Cluj,Lay_CS_0x1_B365,8.03,1.0
2025-08-04,14:00,SERBIA 1,Zeleznicar Pancevo vs Napredak,Lay_CS_0x1_B365,10.03,1.0
2025-08-05,15:45,EUROPA CHAMPIONS LEAGUE,Rangers (Sco) vs Plzen (Cze),Lay_CS_0x1_B365,11.03,1.0
2025-08-05,16:15,ICELAND 1,Akranes vs Valur,Lay_CS_0x1_B365,9.03,1.0
2025-08-08,08:35,CHINA 1,Dalian Yingbo vs Chengdu Rongcheng,Lay_CS_0x1_B365,8.03,1.0
2025-08-08,13:30,GERMANY 2,Preussen Munster vs Paderborn,Lay_CS_0x1_B365,8.53,1.0
2025-08-10,07:00,SOUTH KOREA 1,Pohang vs Gwangju FC,Lay_CS_0x1_B365,8.03,1.0
2025-08-10,08:30,GERMANY 3,Regensburg vs Duisburg,Lay_CS_0x1_B365,10.03,1.0
2025-08-10,12:00,AUSTRIA 1,Tirol vs LASK,Lay_CS_0x1_B365,9.03,1.0
2025-08-11,15:00,NETHERLANDS 2,Jong PSV vs FC Emmen,Lay_CS_0x1_B365,11.03,1.0
2025-08-11,20:00,CHILE 1,Limache vs A. Italiano,Lay_CS_0x1_B365,8.53,1.0
2025-08-12,14:00,EUROPA CHAMPIONS LEAGUE,FC Copenhagen (Den) vs Malmo FF (Swe),Lay_CS_0x1_B365,11.03,1.0
2025-08-15,07:00,SOUTH KOREA 1,Jeju SK vs Gangwon,Lay_CS_0x1_B365,10.03,1.0
2025-08-15,14:00,SPAIN 1,Girona vs Rayo Vallecano,Lay_CS_0x1_B365,8.53,1.0
2025-08-15,14:30,FRANCE 3,Dijon vs Rouen,Lay_CS_0x1_B365,8.03,1.0
2025-08-17,07:00,SOUTH KOREA 1,Gimcheon Sangmu vs Seoul,Lay_CS_0x1_B365,8.03,1.0
2025-08-17,08:30,BELGIUM 1,Dender vs Anderlecht,Lay_CS_0x1_B365,8.53,1.0
2025-08-17,10:00,FRANCE 1,Brest vs Lille,Lay_CS_0x1_B365,9.53,1.0
2025-08-17,10:15,ROMANIA 1,Csikszereda M. Ciuc vs Univ. Craiova,Lay_CS_0x1_B365,8.03,1.0
2025-08-18,15:00,NETHERLANDS 2,Jong Utrecht vs Den Haag,Lay_CS_0x1_B365,9.03,1.0
2025-08-18,15:45,FRANCE 2,Le Mans vs Montpellier,Lay_CS_0x1_B365,8.53,1.0
2025-08-19,19:00,COPA LIBERTADORES,Velez Sarsfield (Arg) vs Fortaleza (Bra),Lay_CS_0x1_B365,9.03,1.0
2025-08-21,19:00,COPA LIBERTADORES,LDU Quito (Ecu) vs Botafogo RJ (Bra),Lay_CS_0x1_B365,11.03,1.0
2025-08-22,07:00,JAPAN 1,Kashiwa Reysol vs Urawa Reds,Lay_CS_0x1_B365,10.03,1.0
2025-08-22,14:30,FRANCE 3,Le Puy-en-Velay vs Chateauroux,Lay_CS_0x1_B365,9.53,1.0
2025-08-22,15:00,BELGIUM 2,Gent U23 vs Beerschot VA,Lay_CS_0x1_B365,8.03,1.0
2025-08-24,07:00,SOUTH KOREA 1,Anyang vs Daejeon,Lay_CS_0x1_B365,8.03,1.0
2025-08-24,08:30,GERMANY 3,Ingolstadt vs Hansa Rostock,Lay_CS_0x1_B365,10.03,1.0
2025-08-24,09:45,POLAND 1,Piast Gliwice vs Cracovia,Lay_CS_0x1_B365,9.03,1.0
2025-08-24,12:15,FRANCE 1,Le Havre vs Lens,Lay_CS_0x1_B365,8.03,1.0
2025-08-25,15:00,NETHERLANDS 2,Jong Utrecht vs Jong Ajax,Lay_CS_0x1_B365,10.03,1.0
2025-08-25,15:30,ITALY 2,Sampdoria vs Modena,Lay_CS_0x1_B365,8.03,1.0
2025-08-26,14:30,SOUTH AFRICA 1,Stellenbosch vs Marumo Gallants,Lay_CS_0x1_B365,10.03,1.0
2025-08-26,16:00,EUROPA CHAMPIONS LEAGUE,Pafos (Cyp) vs Crvena zvezda (Srb),Lay_CS_0x1_B365,9.53,1.0
2025-08-27,16:00,SPAIN 1,Celta Vigo vs Betis,Lay_CS_1x0_B365,10.03,1.0
2025-08-29,14:30,FRANCE 3,Dijon vs Paris 13 Atl.,Lay_CS_0x1_B365,9.03,1.0
2025-08-29,15:30,GERMANY 1,Hamburger SV vs St. Pauli,Lay_CS_0x1_B365,8.53,1.0
2025-08-31,07:00,JAPAN 1,Cerezo Osaka vs Sanfrecce Hiroshima,Lay_CS_0x1_B365,8.03,1.0
2025-08-31,08:30,GERMANY 2,Kaiserslautern vs Darmstadt,Lay_CS_0x1_B365,9.53,1.0
2025-08-31,09:30,NORWAY 1,Kristiansund vs Brann,Lay_CS_0x1_B365,9.03,1.0
2025-08-31,12:00,SLOVAKIA 1,Ruzomberok vs Zilina,Lay_CS_0x1_B365,8.03,1.0
2025-09-01,14:30,SPAIN 1,Villarreal B vs Alcorcon,Lay_CS_0x1_B365,8.03,1.0
2025-09-01,16:30,SPAIN 2,Leganes vs Dep. La Coruna,Lay_CS_0x1_B365,8.03,1.0
2025-09-01,19:00,BRAZIL 2,Chapecoense-SC vs Vila Nova FC,Lay_CS_0x1_B365,10.03,1.0
2025-09-05,14:15,SPAIN 1,Betis B vs Gimnastic,Lay_CS_1x0_B365,8.03,1.0
2025-09-05,14:30,SPAIN 2,Albacete vs Mirandes,Lay_CS_0x1_B365,11.03,1.0
2025-09-07,07:00,SPAIN 1,CF Talavera vs Ath Bilbao B,Lay_CS_0x1_B365,8.03,1.0
2025-09-07,11:00,SPAIN 1,Osasuna B vs Ourense CF,Lay_CS_0x1_B365,10.03,1.0
2025-09-07,11:15,SPAIN 2,Burgos CF vs Las Palmas,Lay_CS_0x1_B365,8.03,1.0
2025-09-07,13:00,IRELAND 1,Shelbourne vs Galway,Lay_CS_0x1_B365,11.03,1.0
2025-09-08,15:30,SPAIN 2,Eibar vs Andorra,Lay_CS_0x1_B365,8.53,1.0
2025-09-11,14:00,ICELAND 1,Akranes vs Breidablik,Lay_CS_0x1_B365,10.03,1.0
2025-09-12,07:00,JAPAN 1,Vissel Kobe vs Kashiwa Reysol,Lay_CS_0x1_B365,9.03,1.0
2025-09-12,13:00,AUSTRIA 2,Kapfenberg vs Hertha Wels,Lay_CS_0x1_B365,10.03,1.0
2025-09-14,07:00,SOUTH KOREA 1,Anyang vs Jeju SK,Lay_CS_0x1_B365,8.53,1.0
2025-09-14,08:30,GERMANY 3,VfL Osnabruck vs Hansa Rostock,Lay_CS_0x1_B365,8.53,1.0
2025-09-14,09:00,SWITZERLAND 1,Winterthur vs Sion,Lay_CS_0x1_B365,8.03,1.0
2025-09-15,07:00,JAPAN 1,FC Tokyo vs Verdy,Lay_CS_0x1_B365,8.53,1.0
2025-09-15,12:00,ROMANIA 1,FC Hermannstadt vs Unirea Slobozia,Lay_CS_0x1_B365,10.03,1.0
2025-09-15,16:00,SPAIN 1,Espanyol vs Mallorca,Lay_CS_0x1_B365,8.03,1.0
2025-09-16,13:00,ESTONIA 1,Tammeka vs Parnu JK Vaprus,Lay_CS_0x1_B365,9.53,1.0
2025-09-19,15:00,FRANCE 2,Nancy vs Red Star,Lay_CS_0x1_B365,8.03,0.0
2025-09-20,07:00,SPAIN 1,Betis B vs Atl. Madrid B,Lay_CS_1x0_B365,9.03,1.0
2025-09-21,07:00,SPAIN 1,CF Talavera vs Barakaldo,Lay_CS_0x1_B365,8.03,1.0
2025-09-21,08:30,BELGIUM 1,Genk vs Royale Union SG,Lay_CS_0x1_B365,9.53,1.0
2025-09-21,10:00,ENGLAND 1,Sunderland vs Aston Villa,Lay_CS_0x1_B365,8.03,1.0
2025-09-22,15:00,FRANCE 1,Marseille vs PSG,Lay_CS_0x1_B365,9.03,1.0
2025-09-23,07:00,JAPAN 1,Shonan Bellmare vs Kawasaki Frontale,Lay_CS_0x1_B365,8.53,1.0
2025-09-23,14:00,SPAIN 1,Espanyol vs Valencia,Lay_CS_0x1_B365,8.53,1.0
2025-09-23,15:30,FRANCE 2,Red Star vs Troyes,Lay_CS_0x1_B365,8.03,1.0
2025-09-23,19:00,COPA LIBERTADORES,Racing Club (Arg) vs Velez Sarsfield (Arg),Lay_CS_0x1_B365,8.03,1.0
2025-09-25,14:30,SPAIN 1,Osasuna vs Elche,Lay_CS_0x1_B365,11.03,1.0
2025-09-25,16:30,SPAIN 1,Oviedo vs Barcelona,Lay_CS_0x1_B365,8.53,1.0
2025-09-26,09:00,CHINA 1,Zhejiang Professional vs Chengdu Rongcheng,Lay_CS_0x1_B365,9.03,1.0
2025-09-26,14:30,FRANCE 3,Versailles vs Quevilly Rouen,Lay_CS_0x1_B365,8.03,1.0
2025-09-28,07:15,POLAND 1,Widzew Lodz vs Rakow,Lay_CS_0x1_B365,9.03,0.0
2025-09-28,10:30,GERMANY 1,Freiburg vs Hoffenheim,Lay_CS_0x1_B365,11.03,1.0
2025-09-29,12:00,GREECE 1,Atromitos vs AEL Larissa,Lay_CS_0x1_B365,10.03,1.0
2025-09-29,15:00,NETHERLANDS 2,Roda vs Cambuur,Lay_CS_0x1_B365,9.53,1.0
2025-09-29,16:00,PORTUGAL 1,Arouca vs FC Porto,Lay_CS_0x1_B365,8.03,1.0
2025-09-30,14:00,GERMANY 3,Stuttgart II vs Wehen,Lay_CS_0x1_B365,9.53,1.0
2025-10-02,16:00,ENGLAND 3,Rotherham vs Bradford City,Lay_CS_0x1_B365,8.03,1.0
2025-10-03,14:30,FRANCE 3,Caen vs Le Puy-en-Velay,Lay_CS_0x1_B365,8.03,1.0
2025-10-03,16:00,ENGLAND 2,Wrexham vs Birmingham,Lay_CS_0x1_B365,8.03,1.0
2025-10-04,10:00,ITALY 1,Parma vs Lecce,Lay_CS_1x0_B365,6.03,1.0
2025-10-05,07:00,SPAIN 1,Antequera vs Sabadell,Lay_CS_0x1_B365,8.53,1.0
2025-10-05,08:30,GERMANY 2,Arminia Bielefeld vs Schalke,Lay_CS_0x1_B365,9.03,1.0
2025-10-05,09:00,SPAIN 1,Alaves vs Elche,Lay_CS_0x1_B365,8.03,1.0
2025-10-05,10:30,CZECH 1,Sigma Olomouc vs Jablonec,Lay_CS_0x1_B365,8.03,1.0
2025-10-05,13:00,ITALY 1,Napoli vs Genoa,Lay_CS_1x0_B365,5.03,1.0
2025-10-06,14:30,ROMANIA 1,FC Botosani vs UTA Arad,Lay_CS_0x1_B365,11.03,1.0
2025-10-06,15:30,SPAIN 2,Cultural Leonesa vs Albacete,Lay_CS_0x1_B365,9.53,1.0
2025-10-07,14:30,FRANCE 3,Versailles vs Villefranche,Lay_CS_0x1_B365,10.03,1.0
2025-10-07,21:30,BRAZIL 2,Goias vs CRB,Lay_CS_0x1_B365,10.03,1.0
2025-10-09,20:30,CHILE 1,U. Catolica vs Nublense,Lay_CS_0x1_B365,11.03,1.0
2025-10-12,07:00,SPAIN 1,Sabadell vs Teruel,Lay_CS_0x1_B365,8.53,1.0
2025-10-12,09:00,SPAIN 2,Albacete vs Ceuta,Lay_CS_0x1_B365,11.03,1.0
2025-10-12,11:00,SPAIN 1,Arenteiro vs Guadalajara,Lay_CS_0x1_B365,8.03,1.0
2025-10-12,13:30,SPAIN 2,Cadiz CF vs Huesca,Lay_CS_0x1_B365,8.03,1.0
2025-10-16,14:30,ROMANIA 1,Csikszereda M. Ciuc vs CFR Cluj,Lay_CS_0x1_B365,8.03,1.0
2025-10-16,16:00,ENGLAND 3,Huddersfield vs Bolton,Lay_CS_0x1_B365,10.03,1.0
2025-10-17,07:00,JAPAN 1,Vissel Kobe vs Kashima Antlers,Lay_CS_0x1_B365,10.03,1.0
2025-10-17,13:00,CROATIA 1,Vukovar 1991 vs Lok. Zagreb,Lay_CS_0x1_B365,8.03,1.0
2025-10-17,14:30,FRANCE 3,Rouen vs Paris 13 Atl.,Lay_CS_0x1_B365,8.03,1.0
2025-10-17,16:00,ENGLAND 2,Middlesbrough vs Ipswich,Lay_CS_0x1_B365,8.03,1.0
2025-10-19,07:00,SPAIN 1,Ponferradina vs Zamora,Lay_CS_0x1_B365,8.03,1.0
2025-10-19,08:30,ESTONIA 1,Harju JK Laagri vs Kalju,Lay_CS_0x1_B365,8.03,1.0
2025-10-19,11:30,ROMANIA 1,UTA Arad vs Otelul,Lay_CS_0x1_B365,8.03,1.0
2025-10-20,10:00,BELGIUM 1,St. Liege vs Antwerp,Lay_CS_0x1_B365,11.03,1.0
2025-10-21,13:45,EUROPA CHAMPIONS LEAGUE,Kairat Almaty vs Pafos,Lay_CS_0x1_B365,8.03,1.0
2025-10-21,15:45,ENGLAND 2,Hull vs Leicester,Lay_CS_0x1_B365,8.03,1.0
2025-10-22,14:00,SPAIN 1,Hercules vs Atl. Madrid B,Lay_CS_1x0_B365,8.03,1.0
2025-10-23,16:00,ENGLAND 3,Exeter vs Plymouth,Lay_CS_0x1_B365,8.03,1.0
2025-10-24,08:35,CHINA 1,Wuhan Three Towns vs Shenzhen Xinpengcheng,Lay_CS_0x1_B365,8.53,1.0
2025-10-24,12:30,SERBIA 1,Novi Pazar vs Javor,Lay_CS_0x1_B365,11.03,1.0
2025-10-24,16:00,ENGLAND 2,Preston vs Sheffield Utd,Lay_CS_0x1_B365,8.03,1.0
2025-10-25,10:00,ITALY 1,Udinese vs Lecce,Lay_CS_1x0_B365,6.03,1.0
2025-10-26,07:30,CHINA 1,Qingdao West Coast vs Chengdu Rongcheng,Lay_CS_0x1_B365,9.53,1.0
2025-10-26,08:00,SPAIN 1,Marbella vs FC Cartagena SAD,Lay_CS_0x1_B365,8.53,1.0
2025-10-26,09:30,GERMANY 2,Braunschweig vs Hannover,Lay_CS_0x1_B365,8.53,1.0
2025-10-26,11:00,ITALY 1,Verona vs Cagliari,Lay_CS_1x0_B365,6.03,1.0
2025-10-26,12:00,SPAIN 1,Unionistas vs Lugo,Lay_CS_0x1_B365,8.53,1.0
2025-10-27,12:30,ROMANIA 1,FC Botosani vs FC Hermannstadt,Lay_CS_0x1_B365,10.03,1.0
2025-10-27,15:00,DENMARK 1,Odense vs Brondby,Lay_CS_0x1_B365,10.03,1.0
2025-10-27,17:00,SPAIN 1,Betis vs Atl. Madrid,Lay_CS_0x1_B365,8.53,1.0
2025-10-28,16:30,ITALY 2,Pescara vs Avellino,Lay_CS_0x1_B365,8.03,1.0
2025-10-29,14:30,ITALY 1,AS Roma vs Parma,Lay_CS_1x0_B365,5.53,1.0
2025-10-30,16:30,SWITZERLAND 1,Grasshoppers vs Young Boys,Lay_CS_0x1_B365,11.03,1.0
2025-10-31,15:30,FRANCE 3,Sochaux vs Versailles,Lay_CS_0x1_B365,8.03,1.0
2025-10-31,17:00,ENGLAND 2,Wrexham vs Coventry,Lay_CS_0x1_B365,8.53,1.0
2025-10-31,19:00,BRAZIL 2,Coritiba vs CRB,Lay_CS_0x1_B365,11.03,1.0
2025-11-02,08:00,SPAIN 1,Teruel vs Marbella,Lay_CS_0x1_B365,8.03,1.0
2025-11-02,11:30,CZECH 1,Karvina vs Sparta Prague,Lay_CS_0x1_B365,9.03,1.0
2025-11-02,12:00,SPAIN 1,Antequera vs Hercules,Lay_CS_0x1_B365,8.53,1.0
2025-11-03,12:00,GREECE 1,Asteras Tripolis vs OFI Crete,Lay_CS_0x1_B365,11.03,1.0
2025-11-03,14:00,CROATIA 1,Gorica vs Lok. Zagreb,Lay_CS_0x1_B365,8.03,1.0
2025-11-03,16:30,SPAIN 2,Valladolid vs Granada CF,Lay_CS_0x1_B365,9.53,1.0
2025-11-03,16:45,FRANCE 2,Pau FC vs Troyes,Lay_CS_0x1_B365,8.53,1.0
2025-11-04,12:00,EGYPT 1,Wadi Degla vs Haras El Hodood,Lay_CS_0x1_B365,10.03,1.0
2025-11-04,14:30,SOUTH AFRICA 1,Sekhukhune vs Richards Bay,Lay_CS_0x1_B365,8.03,1.0
2025-11-04,16:45,ENGLAND 2,Oxford Utd vs Stoke,Lay_CS_0x1_B365,8.53,1.0
2025-11-06,20:00,BRAZIL 1,Ceara vs Fortaleza,Lay_CS_0x1_B365,8.53,1.0
2025-11-07,14:00,POLAND 1,Radomiak Radom vs Cracovia,Lay_CS_0x1_B365,8.03,1.0
2025-11-07,15:30,FRANCE 3,Versailles vs Valenciennes,Lay_CS_0x1_B365,8.03,1.0
2025-11-07,17:00,SPAIN 1,Elche vs Real Sociedad,Lay_CS_1x0_B365,9.03,1.0
2025-11-07,17:15,SPAIN 1,Atl. Madrid B vs Eldense,Lay_CS_0x1_B365,10.03,1.0
2025-11-09,08:00,SPAIN 1,AD Merida vs Real Madrid B,Lay_CS_0x1_B365,8.03,1.0
2025-11-09,09:30,BELGIUM 1,Anderlecht vs Club Brugge KV,Lay_CS_0x1_B365,10.03,1.0
2025-11-09,10:00,DENMARK 1,Vejle vs FC Copenhagen,Lay_CS_0x1_B365,8.03,1.0
2025-11-10,16:30,SPAIN 2,Burgos CF vs Castellon,Lay_CS_0x1_B365,8.03,1.0
2025-11-16,08:00,SPAIN 1,Antequera vs Sevilla FC B,Lay_CS_0x1_B365,8.03,1.0
2025-11-16,10:15,SPAIN 1,Gimnastic vs Marbella,Lay_CS_0x1_B365,8.53,1.0
2025-11-16,12:15,SPAIN 2,Gijon vs Eibar,Lay_CS_0x1_B365,8.03,1.0
2025-11-16,14:45,SPAIN 1,Racing Club Ferrol vs Zamora,Lay_CS_0x1_B365,9.03,1.0
2025-11-17,16:30,SPAIN 2,Cultural Leonesa vs Malaga,Lay_CS_0x1_B365,9.03,1.0
2025-11-18,18:00,CHILE 1,D. Concepcion vs Antofagasta,Lay_CS_0x1_B365,9.03,1.0
2025-11-20,17:00,PARAGUAY 1,Sportivo Trinidense vs Atl. Tembetary,Lay_CS_0x1_B365,10.03,1.0
2025-11-20,19:30,PARAGUAY 1,Nacional Asuncion vs Ameliano,Lay_CS_0x1_B365,11.03,1.0
2025-11-20,21:30,BRAZIL 1,Ceara vs Internacional,Lay_CS_0x1_B365,9.03,1.0
2025-11-21,12:30,ROMANIA 1,Csikszereda M. Ciuc vs Unirea Slobozia,Lay_CS_0x1_B365,11.03,1.0
2025-11-21,15:00,SPAIN 1,Villarreal B vs Gimnastic,Lay_CS_1x0_B365,10.03,1.0
2025-11-21,15:30,FRANCE 3,Caen vs Bourg en Bresse,Lay_CS_0x1_B365,9.03,1.0
2025-11-21,16:00,FRANCE 2,Pau FC vs Le Mans,Lay_CS_0x1_B365,8.03,1.0
2025-11-23,08:00,SPAIN 1,Algeciras vs Sanluqueno,Lay_CS_0x1_B365,9.03,1.0
2025-11-23,09:00,ENGLAND 2,Sheffield Wed vs Sheffield Utd,Lay_CS_0x1_B365,8.03,1.0
2025-11-23,11:00,ENGLAND 1,Leeds vs Aston Villa,Lay_CS_0x1_B365,8.03,1.0
2025-11-23,13:15,FRANCE 1,Nantes vs Lorient,Lay_CS_0x1_B365,8.53,1.0
2025-11-24,15:00,GREECE 1,AEL Larissa vs OFI Crete,Lay_CS_0x1_B365,10.03,1.0
2025-11-24,15:30,ROMANIA 1,FC Botosani vs Dinamo Bucuresti,Lay_CS_0x1_B365,8.03,1.0
2025-11-24,19:00,BRAZIL 1,Mirassol vs Ceara,Lay_CS_0x1_B365,11.03,1.0
2025-11-25,16:45,ENGLAND 2,Swansea vs Derby,Lay_CS_0x1_B365,8.03,1.0
2025-11-25,21:30,BRAZIL 1,Gremio vs Palmeiras,Lay_CS_0x1_B365,9.03,1.0
2025-11-28,13:30,SLOVENIA 1,Aluminij vs Primorje,Lay_CS_0x1_B365,8.03,1.0
2025-11-28,16:00,NETHERLANDS 2,Venlo vs Den Haag,Lay_CS_0x1_B365,10.03,1.0
2025-11-28,19:00,BRAZIL 1,Juventude vs Bahia,Lay_CS_0x1_B365,8.03,1.0
2025-11-29,11:00,ITALY 1,Genoa vs Verona,Lay_CS_1x0_B365,5.03,1.0
2025-11-30,08:00,SPAIN 1,CF Talavera vs Cacereno,Lay_CS_0x1_B365,8.03,0.0
2025-11-30,09:30,GERMANY 3,Regensburg vs Hansa Rostock,Lay_CS_0x1_B365,10.03,1.0
2025-12-01,14:00,CROATIA 1,Gorica vs Din. Zagreb,Lay_CS_0x1_B365,8.53,1.0
2025-12-01,17:00,SPAIN 1,Rayo Vallecano vs Valencia,Lay_CS_0x1_B365,10.03,1.0
2025-12-02,14:45,ISRAEL 1,Hapoel Jerusalem vs Maccabi Bnei Raina,Lay_CS_0x1_B365,10.03,1.0
2025-12-02,16:30,ENGLAND 1,Fulham vs Manchester City,Lay_CS_0x1_B365,8.53,1.0
2025-12-03,15:00,SPAIN 1,Ath Bilbao vs Real Madrid,Lay_CS_1x0_B365,11.03,1.0
2025-12-05,07:45,AUSTRALIA 1,Perth Glory vs WS Wanderers,Lay_CS_0x1_B365,9.53,1.0
2025-12-05,14:30,GERMANY 2,Dusseldorf vs Schalke,Lay_CS_0x1_B365,8.53,1.0
2025-12-05,16:00,FRANCE 2,Bastia vs Red Star,Lay_CS_0x1_B365,8.03,1.0
2025-12-07,08:00,SPAIN 1,AD Merida vs Ourense CF,Lay_CS_0x1_B365,9.03,1.0
2025-12-07,09:30,GERMANY 2,Braunschweig vs Holstein Kiel,Lay_CS_0x1_B365,8.53,1.0
2025-12-07,11:00,CROATIA 1,Varazdin vs Lok. Zagreb,Lay_CS_0x1_B365,8.53,1.0
2025-12-07,13:15,FRANCE 1,Le Havre vs Paris FC,Lay_CS_0x1_B365,8.03,1.0
2025-12-07,16:45,ITALY 1,Napoli vs Juventus,Lay_CS_1x0_B365,6.03,1.0
2025-12-08,07:00,SOUTH KOREA 1,Suwon FC vs Bucheon FC 1995,Lay_CS_0x1_B365,9.03,1.0
2025-12-09,16:45,ENGLAND 2,Charlton vs Middlesbrough,Lay_CS_0x1_B365,8.53,1.0
2025-12-12,16:00,FRANCE 3,Rouen vs Quevilly Rouen,Lay_CS_0x1_B365,9.03,1.0
2025-12-12,16:30,GERMANY 1,Union Berlin vs RB Leipzig,Lay_CS_0x1_B365,8.03,1.0
2025-12-14,08:00,SPAIN 1,Ath Bilbao B vs Celta Vigo B,Lay_CS_0x1_B365,9.03,1.0
2025-12-14,11:00,CROATIA 1,Slaven Belupo vs Din. Zagreb,Lay_CS_0x1_B365,8.03,1.0
2025-12-14,13:00,AUSTRIA 1,Austria Vienna vs Sturm Graz,Lay_CS_0x1_B365,8.53,1.0
2025-12-15,12:30,ROMANIA 1,Farul Constanta vs UTA Arad,Lay_CS_0x1_B365,10.03,1.0
2025-12-15,14:30,PORTUGAL 1,Nacional vs Tondela,Lay_CS_0x1_B365,9.03,1.0
2025-12-15,17:00,SPAIN 1,Rayo Vallecano vs Betis,Lay_CS_0x1_B365,8.53,1.0
2025-12-16,16:00,BELGIUM 2,OC Charleroi vs Lommel SK,Lay_CS_0x1_B365,9.53,1.0
2025-12-19,12:00,CROATIA 1,Varazdin vs Istra 1961,Lay_CS_0x1_B365,8.53,1.0
2025-12-19,16:30,SPAIN 2,Eibar vs Valladolid,Lay_CS_0x1_B365,8.03,1.0
2025-12-21,08:00,SPAIN 1,Arenas Getxo vs CF Talavera,Lay_CS_0x1_B365,8.03,1.0
2025-12-21,09:30,GERMANY 2,Braunschweig vs Schalke,Lay_CS_0x1_B365,8.53,1.0
2025-12-21,12:00,BELGIUM 2,Sporting Lokeren vs Patro Eisden,Lay_CS_0x1_B365,8.53,1.0
2025-12-22,16:00,NETHERLANDS 2,Jong Ajax vs Waalwijk,Lay_CS_0x1_B365,11.03,1.0
2025-12-22,17:00,ENGLAND 1,Fulham vs Nottingham,Lay_CS_0x1_B365,10.03,1.0
2025-12-26,12:00,ENGLAND 3,Bradford City vs Wigan,Lay_CS_0x1_B365,8.03,1.0
2025-12-26,14:30,ENGLAND 2,Wrexham vs Sheffield Utd,Lay_CS_0x1_B365,8.53,1.0
2025-12-28,08:30,ITALY 1,AC Milan vs Verona,Lay_CS_1x0_B365,6.03,1.0
2025-12-28,14:00,ITALY 1,Bologna vs Sassuolo,Lay_CS_0x1_B365,11.03,1.0
2025-12-30,16:30,ENGLAND 1,Burnley vs Newcastle,Lay_CS_0x1_B365,8.03,1.0
2026-01-01,17:00,ENGLAND 1,Sunderland vs Manchester City,Lay_CS_0x1_B365,8.63,1.0
2026-01-02,16:45,FRANCE 1,Toulouse vs Lens,Lay_CS_0x1_B365,11.03,1.0
2026-01-02,17:00,SPAIN 1,Rayo Vallecano vs Getafe,Lay_CS_0x1_B365,10.03,1.0
2026-01-03,08:30,ITALY 1,Como vs Udinese,Lay_CS_1x0_B365,7.63,0.0
2026-01-04,08:30,ITALY 1,Lazio vs Napoli,Lay_CS_1x0_B365,9.83,1.0
2026-01-04,12:00,ENGLAND 1,Fulham vs Liverpool,Lay_CS_0x1_B365,9.43,1.0
2026-01-04,17:00,SPAIN 1,Real Sociedad vs Atl. Madrid,Lay_CS_0x1_B365,9.83,1.0
2026-01-05,16:45,FRANCE 2,Montpellier vs Dunkerque,Lay_CS_0x1_B365,10.53,1.0
2026-01-07,14:30,ITALY 1,Napoli vs Verona,Lay_CS_1x0_B365,5.53,1.0
2026-01-08,16:45,ITALY 1,AC Milan vs Genoa,Lay_CS_1x0_B365,5.73,1.0
2026-01-09,17:00,SPAIN 1,Getafe vs Real Sociedad,Lay_CS_1x0_B365,8.23,1.0
2026-01-11,10:00,TURKEY 2,Sivasspor vs Erzurumspor,Lay_CS_0x1_B365,9.03,
2026-01-11,14:00,ITALY 1,Verona vs Lazio,Lay_CS_1x0_B365,9.03,1.0
2026-01-12,14:30,ITALY 1,Genoa vs Cagliari,Lay_CS_0x1_B365,10.03,1.0
2026-01-12,16:30,SPAIN 2,Huesca vs Cordoba,Lay_CS_0x1_B365,8.83,1.0
2026-01-13,16:30,GERMANY 1,Hamburger SV vs Bayer Leverkusen,Lay_CS_0x1_B365,10.53,
2026-01-14,14:30,ITALY 1,Napoli vs Parma,Lay_CS_1x0_B365,7.03,1.0
2026-01-15,16:30,GERMANY 1,Augsburg vs Union Berlin,Lay_CS_0x1_B365,10.03,1.0
2026-01-16,15:30,FRANCE 3,Versailles vs Rouen,Lay_CS_0x1_B365,8.03,1.0
2026-01-18,10:00,SPAIN 1,Getafe vs Valencia,Lay_CS_0x1_B365,8.23,0.0
2026-01-18,12:30,GERMANY 3,Schweinfurt vs Viktoria Koln,Lay_CS_0x1_B365,10.03,1.0
2026-01-19,14:30,ITALY 1,Cremonese vs Verona,Lay_CS_0x1_B365,11.03,1.0
2026-01-19,16:30,SPAIN 2,Granada CF vs Eibar,Lay_CS_0x1_B365,9.43,1.0
2026-01-20,12:30,EUROPA CHAMPIONS LEAGUE,Kairat Almaty vs Club Brugge KV,Lay_CS_0x1_B365,10.03,1.0
2026-01-23,14:00,FRANCE 3,Villefranche vs Aubagne,Lay_CS_0x1_B365,9.43,1.0
2026-01-23,15:30,FRANCE 3,Bourg en Bresse vs Chateauroux,Lay_CS_0x1_B365,9.03,1.0
2026-01-23,16:00,FRANCE 2,Bastia vs Montpellier,Lay_CS_0x1_B365,8.03,1.0
2026-01-25,07:30,TURKEY 2,Hatayspor vs Umraniyespor,Lay_CS_0x1_B365,11.03,
2026-01-25,13:15,FRANCE 1,Brest vs Toulouse,Lay_CS_0x1_B365,8.03,1.0
2026-01-26,14:00,TURKEY 2,Sakaryaspor vs Bodrumspor,Lay_CS_0x1_B365,10.03,
2026-01-26,16:45,FRANCE 2,Le Mans vs Dunkerque,Lay_CS_0x1_B365,9.63,1.0
2026-01-26,17:00,SPAIN 1,Girona vs Getafe,Lay_CS_0x1_B365,9.43,1.0
2026-01-29,15:00,EGYPT 1,Modern Sport vs El Ismaily,Lay_CS_0x1_B365,11.03,1.0
2026-01-29,21:30,BRAZIL 1,Botafogo RJ vs Cruzeiro,Lay_CS_0x1_B365,10.03,1.0
2026-01-30,14:00,TURKEY 2,Istanbulspor AS vs Hatayspor,Lay_CS_0x1_B365,10.03,
2026-01-30,15:30,FRANCE 3,Sochaux vs Rouen,Lay_CS_0x1_B365,8.03,1.0
2026-01-31,10:00,SPAIN 1,Oviedo vs Girona,Lay_CS_1x0_B365,9.43,0.0
2026-02-01,07:30,TURKEY 2,Sivasspor vs Pendikspor,Lay_CS_0x1_B365,11.03,
2026-02-01,12:30,PORTUGAL 1,Gil Vicente vs Famalicao,Lay_CS_0x1_B365,9.03,1.0
2026-02-02,17:00,SPAIN 1,Mallorca vs Sevilla,Lay_CS_0x1_B365,9.23,1.0
2026-02-06,14:30,GERMANY 2,Preussen Munster vs Bochum,Lay_CS_0x1_B365,11.03,1.0
2026-02-06,15:30,FRANCE 3,Caen vs Fleury-Merogis,Lay_CS_0x1_B365,9.43,1.0
2026-02-06,20:00,CHILE 1,A. Italiano vs U. De Concepcion,Lay_CS_0x1_B365,10.53,1.0
2026-02-08,08:30,ITALY 1,Bologna vs Parma,Lay_CS_1x0_B365,7.63,1.0
2026-02-08,12:00,CHILE 1,Huachipato vs U. De Chile,Lay_CS_0x1_B365,8.03,1.0
2026-02-09,15:00,ROMANIA 1,Din. Bucuresti vs Univ. Craiova,Lay_CS_0x1_B365,10.03,1.0
2026-02-09,16:45,FRANCE 2,Amiens vs Clermont,Lay_CS_0x1_B365,9.63,1.0
2026-02-10,16:00,ITALY 2,Entella vs Cesena,Lay_CS_0x1_B365,9.03,1.0
2026-02-12,17:00,ENGLAND 1,Brentford vs Arsenal,Lay_CS_0x1_B365,8.23,1.0
2026-02-12,21:30,BRAZIL 1,Internacional vs Palmeiras,Lay_CS_0x1_B365,10.03,1.0
2026-02-13,15:30,FRANCE 3,Aubagne vs Bourg en Bresse,Lay_CS_0x1_B365,10.03,1.0
2026-02-13,16:00,FRANCE 2,Amiens vs Dunkerque,Lay_CS_0x1_B365,8.23,1.0
2026-02-13,17:45,PORTUGAL 1,Tondela vs Alverca,Lay_CS_0x1_B365,8.43,1.0
2026-02-15,08:30,ITALY 1,Udinese vs Sassuolo,Lay_CS_0x1_B365,10.03,1.0
2026-02-15,09:00,ROMANIA 1,UTA Arad vs FC Botosani,Lay_CS_0x1_B365,8.43,1.0
2026-02-15,10:30,AUSTRIA 1,Grazer AK vs Salzburg,Lay_CS_0x1_B365,8.63,1.0
2026-02-15,11:30,SLOVAKIA 1,Komarno vs Dun. Streda,Lay_CS_0x1_B365,8.23,1.0
2026-02-16,17:15,PORTUGAL 1,Rio Ave vs Moreirense,Lay_CS_0x1_B365,8.23,1.0
2026-02-17,11:00,TURKEY 2,Umraniyespor vs Boluspor,Lay_CS_0x1_B365,9.23,
2026-02-17,14:00,TURKEY 2,Istanbulspor AS vs Erokspor,Lay_CS_0x1_B365,10.53,
2026-02-18,16:45,ITALY 1,AC Milan vs Como,Lay_CS_1x0_B365,8.43,1.0
2026-02-19,14:00,TURKEY 2,Sakaryaspor vs Pendikspor,Lay_CS_0x1_B365,9.23,
2026-02-19,19:30,BRAZIL 1,Athletico-PR vs Corinthians,Lay_CS_0x1_B365,9.03,0.0
2026-02-20,14:00,AUSTRIA 2,Floridsdorfer AC vs Bregenz,Lay_CS_0x1_B365,11.03,
2026-02-20,14:30,GERMANY 2,Greuther Furth vs Arminia Bielefeld,Lay_CS_0x1_B365,9.63,1.0
2026-02-20,16:00,FRANCE 2,Annecy vs Red Star,Lay_CS_0x1_B365,9.63,1.0
2026-02-20,16:15,SWITZERLAND 2,Stade Nyonnais vs Aarau,Lay_CS_0x1_B365,8.63,
2026-02-22,07:30,TURKEY 2,Erzurumspor vs Serik Spor,Lay_CS_0x1_B365,9.43,
2026-02-22,08:15,POLAND 1,Arka Gdynia vs GKS Katowice,Lay_CS_0x1_B365,9.03,1.0
2026-02-22,10:00,SPAIN 1,Getafe vs Sevilla,Lay_CS_0x1_B365,8.23,0.0
2026-02-22,11:30,SLOVAKIA 1,Ruzomberok vs Slovan Bratislava,Lay_CS_0x1_B365,9.03,1.0
2026-02-23,16:45,FRANCE 2,Le Mans vs Guingamp,Lay_CS_0x1_B365,9.43,1.0
2026-02-27,12:00,ROMANIA 1,FC Hermannstadt vs FC Botosani,Lay_CS_0x1_B365,8.23,1.0
2026-02-27,15:30,FRANCE 3,Versailles vs Aubagne,Lay_CS_0x1_B365,9.43,1.0
2026-02-27,16:00,FRANCE 2,Laval vs Nancy,Lay_CS_0x1_B365,8.03,1.0
2026-02-28,11:00,ITALY 1,Como vs Lecce,Lay_CS_1x0_B365,6.23,1.0
2026-03-01,07:30,TURKEY 2,Serik Spor vs Sivasspor,Lay_CS_0x1_B365,9.23,
2026-03-01,10:00,TURKEY 2,Umraniyespor vs Bandirmaspor,Lay_CS_0x1_B365,9.63,
2026-03-01,12:30,SWITZERLAND 1,Grasshoppers vs Lugano,Lay_CS_0x1_B365,8.63,1.0
2026-03-02,15:00,POLAND 1,Zaglebie vs Wisla Plock,Lay_CS_0x1_B365,10.53,1.0
2026-03-05,16:30,EGYPT 1,Ceramica Cleopatra vs National Bank Egypt,Lay_CS_0x1_B365,10.03,1.0
2026-03-06,15:30,FRANCE 3,Stade Briochin vs Orleans,Lay_CS_0x1_B365,8.43,1.0
2026-03-06,20:30,CHILE 1,D. Concepcion vs Nublense,Lay_CS_0x1_B365,8.23,1.0
2026-03-08,08:15,POLAND 1,Motor Lublin vs Gornik Zabrze,Lay_CS_0x1_B365,10.53,1.0
2026-03-08,09:30,ROMANIA 1,Otelul vs FC Hermannstadt,Lay_CS_0x1_B365,10.03,1.0
2026-03-08,11:00,ITALY 1,Bologna vs Verona,Lay_CS_1x0_B365,6.83,1.0
2026-03-08,12:15,SPAIN 1,Getafe vs Betis,Lay_CS_0x1_B365,8.03,1.0
2026-03-09,15:00,ROMANIA 1,CFR Cluj vs Dinamo Bucuresti,Lay_CS_0x1_B365,10.03,1.0
2026-03-09,16:45,FRANCE 2,Dunkerque vs Reims,Lay_CS_0x1_B365,9.23,1.0
2026-03-10,14:00,TURKEY 2,Manisa FK vs Sariyer,Lay_CS_0x1_B365,10.53,
2026-03-12,10:00,TURKEY 2,Boluspor vs Corum,Lay_CS_0x1_B365,9.03,
2026-03-12,19:00,BRAZIL 1,Remo vs Fluminense,Lay_CS_0x1_B365,8.63,1.0
2026-03-13,08:35,CHINA 1,Wuhan Three Towns vs Dalian Yingbo,Lay_CS_0x1_B365,9.23,1.0
2026-03-13,12:30,ROMANIA 1,UTA Arad vs FC Hermannstadt,Lay_CS_0x1_B365,10.53,1.0
2026-03-13,16:00,FRANCE 2,Nancy vs Le Mans,Lay_CS_0x1_B365,8.43,1.0
2026-03-14,10:00,SPAIN 1,Girona vs Ath Bilbao,Lay_CS_1x0_B365,10.03,1.0
2026-03-15,08:30,ITALY 1,Verona vs Genoa,Lay_CS_1x0_B365,8.83,1.0
2026-03-15,10:30,NORWAY 1,Kristiansund vs Brann,Lay_CS_0x1_B365,9.43,1.0
2026-03-16,07:30,TURKEY 2,Bandirmaspor vs Igdir FK,Lay_CS_0x1_B365,9.83,
2026-03-16,16:30,SPAIN 2,Albacete vs Las Palmas,Lay_CS_0x1_B365,9.03,1.0
2026-03-16,18:00,CHILE 1,Union La Calera vs O'Higgins,Lay_CS_0x1_B365,8.83,1.0
2026-03-17,15:30,FRANCE 3,Stade Briochin vs Chateauroux,Lay_CS_0x1_B365,9.03,1.0
2026-03-19,21:30,BRAZIL 1,Chapecoense-SC vs Corinthians,Lay_CS_0x1_B365,8.43,1.0
2026-03-20,13:30,SLOVENIA 1,Aluminij vs Maribor,Lay_CS_0x1_B365,9.23,1.0
2026-03-20,15:30,FRANCE 3,Versailles vs Fleury-Merogis,Lay_CS_0x1_B365,8.83,1.0
2026-03-20,16:00,FRANCE 2,Boulogne vs Nancy,Lay_CS_0x1_B365,8.03,1.0
2026-03-23,18:30,PARAGUAY 1,Sportivo Trinidense vs Recoleta,Lay_CS_0x1_B365,10.53,1.0
2026-03-27,18:30,PARAGUAY 1,Nacional Asuncion vs Sp. Luqueno,Lay_CS_0x1_B365,10.03,1.0
2026-03-29,09:00,SPAIN 2,Eibar vs Las Palmas,Lay_CS_0x1_B365,8.63,1.0
2026-03-29,11:15,SPAIN 2,Cultural Leonesa vs Andorra,Lay_CS_0x1_B365,10.53,1.0
2026-03-29,13:30,SPAIN 2,Zaragoza vs Racing Santander,Lay_CS_0x1_B365,11.03,1.0
2026-03-29,19:30,BRAZIL 1,Athletico-PR vs Botafogo RJ,Lay_CS_0x1_B365,10.53,1.0
2026-03-31,14:00,SPAIN 2,Mirandes vs Albacete,Lay_CS_0x1_B365,10.03,1.0
2026-03-31,18:30,BRAZIL 2,Juventude vs Novorizontino,Lay_CS_0x1_B365,10.03,1.0
2026-04-02,19:00,BRAZIL 1,Chapecoense-SC vs Atletico-MG,Lay_CS_0x1_B365,8.23,1.0
2026-04-02,21:30,BRAZIL 1,Bragantino vs Flamengo RJ,Lay_CS_0x1_B365,8.43,1.0
2026-04-03,10:00,SWEDEN 2,Helsingborg vs Oster,Lay_CS_0x1_B365,8.03,1.0
2026-04-04,09:00,SPAIN 1,Real Sociedad vs Levante,Lay_CS_1x0_B365,9.03,1.0
2026-04-05,07:00,SPAIN 3,Arenteiro vs Arenas Getxo,Lay_CS_0x1_B365,8.03,1.0
2026-04-05,08:30,GERMANY 3,Ulm vs Verl,Lay_CS_0x1_B365,11.03,1.0
2026-04-05,08:35,CHINA 1,Tianjin Jinmen Tiger vs Shanghai Shenhua,Lay_CS_0x1_B365,9.63,1.0
2026-04-05,09:30,AUSTRIA 1,Hartberg vs Salzburg,Lay_CS_0x1_B365,8.53,1.0
2026-04-05,11:15,SPAIN 1,Valencia vs Celta Vigo,Lay_CS_1x0_B365,8.23,1.0
2026-04-06,07:15,POLAND 1,Termalica B-B. vs Piast Gliwice,Lay_CS_0x1_B365,9.03,1.0
2026-04-06,10:00,ITALY 2,Catanzaro vs Monza,Lay_CS_0x1_B365,8.53,1.0
2026-04-06,12:00,NORWAY 1,HamKam vs Brann,Lay_CS_0x1_B365,8.53,1.0
2026-04-07,08:30,TURKEY 2,Bandirmaspor vs Sariyer,Lay_CS_0x1_B365,9.63,
2026-04-07,10:45,CROATIA 1,Vukovar 1991 vs Lok. Zagreb,Lay_CS_0x1_B365,8.53,1.0
2026-04-07,14:00,GERMANY 3,Duisburg vs VfL Osnabruck,Lay_CS_0x1_B365,8.23,1.0
2026-04-07,15:45,ENGLAND 3,Port Vale vs Rotherham,Lay_CS_0x1_B365,8.03,1.0
2026-04-09,11:00,TURKEY 2,Boluspor vs Sivasspor,Lay_CS_0x1_B365,11.03,
2026-04-09,23:00,COPA LIBERTADORES,Santa Fe (Col) vs Penarol (Uru),Lay_CS_0x1_B365,8.03,1.0
2026-04-10,12:30,SLOVENIA 1,Primorje vs Koper,Lay_CS_0x1_B365,9.63,
2026-04-10,14:00,FRANCE 1,Paris FC vs Monaco,Lay_CS_0x1_B365,11.03,
2026-04-10,14:30,FRANCE 3,Stade Briochin vs Villefranche,Lay_CS_0x1_B365,8.43,
2026-04-12,07:00,SPAIN 3,Villarreal B vs Algeciras,Lay_CS_0x1_B365,10.03,
2026-04-12,08:30,ESTONIA 1,Tammeka vs Paide,Lay_CS_0x1_B365,8.53,1.0
2026-04-12,10:00,ITALY 2,Padova vs Empoli,Lay_CS_0x1_B365,9.03,
2026-04-12,11:00,PORTUGAL 3,Paredes vs Braga B,Lay_CS_0x1_B365,8.03,
2026-04-13,09:30,ROMANIA 1,Metaloglobus Bucharest vs Csikszereda M. Ciuc,Lay_CS_0x1_B365,8.03,
2026-04-13,14:00,TURKEY 2,Sakaryaspor vs Erokspor,Lay_CS_0x1_B365,8.83,
2026-04-14,23:00,COPA LIBERTADORES,U. de Deportes (Per) vs Coquimbo (Chi),Lay_CS_0x1_B365,8.03,
